id,expression,is_sharpe,is_fitness,ic_mean,turnover,min_sub_sr,pnl_kurtosis,rolling_sr_std,pnl_skew,h1_sr,h2_sr,n_gates_pass,all_pass,g_is_sharpe,g_fitness,g_ic,g_stable,g_turnover,g_sub_sr,g_kurtosis,g_roll_std,g_skew
20,"zscore_cs(true_divide(sma(log_returns, 120), df_max(sma(parkinson_volatility_20, 120), 0.001)))",3.6457133173151415,15.619017299335,-0.013154990602504012,0.11207781278418051,1.3697628071049885,14.055884563411077,0.06735985680334197,0.2692068187063941,1.3697628071049885,3.5811987468103106,8,False,True,True,True,True,True,True,True,False,True
21,"zscore_cs(sma(upper_shadow, 30))",3.117245933806614,18.13128204702832,-0.04208381776261757,0.0701446505842753,-3.067495702277839,7.447745846594169,0.053893727622649816,0.7896187202512504,-3.067495702277839,3.27178091869723,6,False,True,True,True,False,True,False,True,False,True
22,"zscore_cs(sma(ts_zscore(turnover, 240), 60))",2.780903001955119,18.214482572634466,-0.008583873713858126,0.036887921748475036,-3.3275862391978146,7.855737499903689,0.049233666897126056,0.4971810358778587,-3.3275862391978146,2.6588198291245364,6,False,False,True,True,False,True,False,True,True,True
23,Abs(momentum_20d),3.786649185189554,16.353044746063656,-0.01476755677751531,0.15161534543014354,3.889521688772206,8.177917107290785,0.03201403766771285,0.507044257822491,3.974663993995078,3.889521688772206,9,True,True,True,True,True,True,True,True,True,True
24,"ts_zscore(ts_sum(multiply(momentum_20d, returns), 180), 180)",3.834093385718782,13.675616681705728,-0.006096168038519068,0.15638554248739223,-1.999858332291129,13.864888711903863,0.04325009326328773,0.03305296966558185,-1.999858332291129,3.952254698605977,7,False,True,True,True,False,True,False,True,True,True
25,"add(ts_rank(low, 240), open_close_range)",3.364904754657608,9.907028004337752,-0.016061102430851085,0.1719975939013861,3.385280847971141,22.012049845485162,0.05736653160677195,-0.655166040269326,4.378893085901894,3.385280847971141,6,False,True,True,True,True,True,True,False,False,False
26,"df_min(ts_rank(adv20, 90), Decay_exp(square(momentum_5d), 36))",3.681588480162588,12.756103445256755,-0.013268820345985047,0.2559811809621978,3.268056200631981,9.141785167848784,0.04310764110527872,0.5070786403036249,3.268056200631981,3.7640610272770503,9,True,True,True,True,True,True,True,True,True,True
27,"ts_zscore(rank(adv20), 240)",3.007702442494598,13.560016864946537,-0.007635479299895568,0.05737838246309759,1.5767032206744396,8.412502070949994,0.043788256278615934,0.4467148980464837,1.5767032206744396,3.1782870537753816,9,True,True,True,True,True,True,True,True,True,True
28,"stddev(ts_sum(momentum_20d, 60), 6)",3.4804727462004537,17.62533987212246,-0.017322739381564825,0.0968428974646782,3.549116213094396,11.601867658247961,0.0486138064272326,0.9821294996083322,3.8089430272351867,3.549116213094396,9,True,True,True,True,True,True,True,True,True,True
29,"stddev(multiply(volume_momentum_5_20, momentum_20d), 18)",3.1153777470436026,15.712638442865194,-0.023932578732640018,0.09687826311728688,-1.168312039132336,12.398202463463655,0.045677606107142416,0.9746398700563081,-1.168312039132336,3.2284099556528956,7,False,True,True,True,False,True,False,True,True,True
30,"ts_zscore(normalize(adv20), 90)",3.0616286933114187,13.496008964440522,-0.007773298663916072,0.06856417997538518,3.0505930053396333,9.150442737731499,0.05481246215106305,0.2514205437665113,4.82354815741123,3.0505930053396333,8,False,True,True,True,True,True,True,True,False,True
31,"Decay_exp(sqrt(momentum_20d), 6)",3.287625879482465,14.27735313329859,-0.019389595186439477,0.11425866129348443,3.3489527475041796,8.036124737025826,0.04852663472037185,0.3613672583027075,8.339999374871509,3.3489527475041796,9,True,True,True,True,True,True,True,True,True,True
32,"log(ts_max(momentum_20d, 36))",3.1562599823264033,14.167372789691928,-0.01653986608048588,0.09169041548220247,3.1929239122945723,6.784358803517958,0.05255970743674888,0.19524840651340372,9.722600938383163,3.1929239122945723,8,False,True,True,True,True,True,True,True,False,True
33,"multiply(momentum_5d, add(momentum_20d, df_min(momentum_20d, momentum_5d)))",3.70851827635147,13.569809740672447,-0.00043995981229778667,0.22600743315135902,3.7853519738126855,8.286994811410935,0.03487554115726752,0.38944447251051906,5.569564637242641,3.7853519738126855,9,True,True,True,True,True,True,True,True,True,True
34,"stddev(stddev(momentum_20d, 60), 6)",3.3476841667752786,11.709206712125585,-0.01579086227721883,0.18830735977256666,-1.0292207064794077,11.278271540903614,0.04063030629463191,0.8581021875385832,-1.0292207064794077,3.4647872767548473,7,False,True,True,True,False,True,False,True,True,True
35,"Abs(multiply(subtract(Decay_exp(momentum_20d, 12), zscore_cs(high)), parkinson_volatility_10))",3.8099744272656983,21.888073159790743,-0.019113526296824647,0.0855056809330445,3.893447918617756,10.008752086956811,0.03722956135932863,0.7355447361445688,9.616026434919375,3.893447918617756,9,True,True,True,True,True,True,True,True,True,True
36,"rank(ts_zscore(square(momentum_20d), 240))",3.711269603469932,9.530334611238027,-0.00048620025178301924,0.19509023293204097,-3.2269802536000527,13.096625379497024,0.05203389834542441,-0.391391162711829,-3.2269802536000527,3.811412230673372,6,False,True,True,True,False,True,False,True,False,True
37,"rank(ts_zscore(stddev(momentum_60d, 30), 240))",2.79120634742013,8.329107106613773,-0.004195832130204635,0.10037166705417228,0.0,5.352345202229908,0.035959883632147444,0.32172699010841543,0.0,2.87020991982071,6,False,False,True,True,False,True,False,True,True,True
38,"add(ts_rank(ts_rank(s_log_1p(close), 240), 240), stddev(momentum_60d, 30))",3.69075760842602,11.63046601166453,-0.023867576781134124,0.19394213956537354,0.0,13.14665256293845,0.05044175469620727,0.14395193029930223,0.0,3.877167940904934,6,False,True,True,True,False,True,False,True,False,True
39,"add(ts_rank(ts_rank(s_log_1p(close), 240), 240), ts_max(momentum_20d, 60))",3.4784296207013385,14.567891177360865,-0.02362359223135731,0.14134713238162505,3.6271462204005824,9.81524169477175,0.05158922789731673,0.6404384945702114,4.425877597241977,3.6271462204005824,8,False,True,True,True,True,True,True,True,False,True
40,"multiply(df_min(sma(sma(close_position_in_range, 60), 60), momentum_5d), add(parkinson_volatility_10, df_min(momentum_5d, correlation(adv20, low, 48))))",3.1907484480884367,9.870501628819738,-0.0018592141343145572,0.25793454216334094,0.24021541382739317,9.304718859939324,0.041501321285371415,0.5349708935266823,0.24021541382739317,3.2512274405417925,8,False,True,True,True,True,True,False,True,True,True
41,"ts_zscore(rank(df_min(Abs(beta_to_btc), zscore_cs(adv20))), 36)",2.7960765088106907,6.628713822429733,-0.006688101464138399,0.1672901357843067,1.5566817430818112,6.439178214794079,0.04503039403723751,0.21648150094328686,1.5566817430818112,2.8918053814546796,8,False,False,True,True,True,True,True,True,True,True
42,"correlation(multiply(multiply(vwap, multiply(dollars_traded, vwap)), multiply(delay(dollars_traded, 12), vwap)), sqrt(zscore_cs(momentum_20d)), 30)",3.406795799690009,8.842585296681088,-0.0016985549131513966,0.2473450303277981,3.4125863641621486,4.350487976278732,0.045996155547740794,0.6407701589701154,7.0477857886219315,3.4125863641621486,9,True,True,True,True,True,True,True,True,True,True
43,"ts_zscore(rank(df_min(Abs(beta_to_btc), stddev(high, 24))), 180)",3.5551689871281407,9.691462873681235,-9.965486410648705e-05,0.19432627628143626,-4.014555562159559,4.700485108420719,0.049444916933124056,0.4447154196103475,-4.014555562159559,3.6170610592558763,7,False,True,True,True,False,True,False,True,True,True
44,"stddev(df_max(momentum_20d, vwap_deviation), 6)",3.415446918833441,10.978768904337171,-0.02641961460602721,0.25058578981544744,1.96168641259819,11.155015647909607,0.05132239059407198,0.7449662361473484,1.96168641259819,3.5129712706975984,8,False,True,True,True,True,True,True,True,False,True
45,"ts_zscore(rank(df_min(zscore_cs(parkinson_volatility_60), zscore_cs(adv20))), 180)",3.247336790520456,13.58722102612645,-0.006310928426525039,0.06967382553055215,1.5767032206744396,10.176339927569376,0.03725928131633883,0.4323498880587929,1.5767032206744396,3.442934596452682,9,True,True,True,True,True,True,True,True,True,True
46,"multiply(df_min(sma(rank(momentum_60d), 24), momentum_5d), correlation(ts_zscore(volume, 240), vwap, 48))",3.5665852718043736,11.568212190191483,-0.005247494832710964,0.25070446745041064,3.5294844504999214,6.859646375385416,0.05269403520078365,0.5614638495791031,8.30000435993225,3.5294844504999214,8,False,True,True,True,True,True,True,True,False,True
47,"stddev(df_max(add(delay(momentum_5d, 36), momentum_5d), vwap_deviation), 6)",3.648931337665973,11.605883041826942,-0.026415339505971268,0.27342660975014027,0.12205815540767655,10.815335486536373,0.04573609603424989,0.8502306765863075,0.12205815540767655,3.7661307202869385,8,False,True,True,True,True,True,False,True,True,True
48,"correlation(multiply(multiply(high, multiply(dollars_traded, high)), ts_min(volume, 60)), sqrt(zscore_cs(momentum_20d)), 30)",3.853184449666719,11.269510109379317,-0.0011906114697051813,0.23203720078039874,3.8873433310120986,6.77309494899077,0.03737241343622777,0.7006361902957823,5.429976607830625,3.8873433310120986,9,True,True,True,True,True,True,True,True,True,True
49,"stddev(df_max(add(vwap_deviation, vwap_deviation), df_max(add(momentum_20d, momentum_5d), momentum_60d)), 6)",3.5817627493059914,11.86379186032159,-0.02886993323855975,0.22717869567914262,0.0,10.632752589090725,0.050218733253215395,0.688445185642792,0.0,3.6833851889362244,6,False,True,True,True,False,True,False,True,False,True
50,"stddev(df_max(add(vwap_deviation, sqrt(momentum_60d)), df_max(add(momentum_20d, momentum_5d), vwap_deviation)), 6)",4.188196054148263,14.605655505329048,-0.021696829037762905,0.2626153245155189,1.674039232483887,11.708142254797082,0.04339637713719671,0.9825755600003314,1.674039232483887,4.316243705236906,9,True,True,True,True,True,True,True,True,True,True
51,"multiply(df_min(sma(multiply(momentum_20d, beta_to_btc), 18), momentum_5d), add(parkinson_volatility_10, df_min(square(open_close_range), df_min(open_close_range, momentum_5d))))",3.6189813827561927,12.071694416635987,0.001260526319682277,0.26313455699863875,3.0011331833372505,11.208670236584524,0.046519607929941385,0.4726268781993104,3.0011331833372505,3.672553614290546,9,True,True,True,True,True,True,True,True,True,True
52,"correlation(multiply(multiply(high, multiply(dollars_traded, high)), multiply(delay(dollars_traded, 180), high)), sqrt(zscore_cs(momentum_20d)), 30)",3.095106385347006,7.910904424539783,-0.0015508939646639648,0.24292456838222357,0.0,6.62610471396333,0.04387309048013404,0.8323118202513642,0.0,3.262501431349487,7,False,True,True,True,False,True,False,True,True,True
53,"multiply(df_min(momentum_20d, momentum_5d), add(parkinson_volatility_10, df_min(square(momentum_60d), df_min(momentum_20d, momentum_5d))))",4.311006867275024,17.36637295126231,-0.007631404894800247,0.20565729382454795,3.449574103063436,10.332778128790828,0.03705361173935564,0.536682660089748,3.449574103063436,4.371374368671868,9,True,True,True,True,True,True,True,True,True,True
54,"multiply(df_min(sma(rank(momentum_20d), 18), df_min(momentum_20d, momentum_5d)), ts_zscore(ts_sum(low, 3), 36))",4.464361664277269,15.977715654955306,0.0002305425129486825,0.2620650812971559,2.3783856926131257,11.551622759129284,0.04375175777131114,0.6048016652480949,2.3783856926131257,4.535057159661553,9,True,True,True,True,True,True,True,True,True,True
55,"multiply(df_min(sma(rank(momentum_20d), 18), df_min(momentum_20d, momentum_5d)), add(correlation(open_close_range, momentum_5d, 240), df_min(square(momentum_60d), df_min(open_close_range, momentum_5d))))",3.605890176715817,12.776348428943157,-0.0026616108361621933,0.21733108920995337,2.545273470740236,10.413201159818385,0.03579592721106393,0.5014601173819526,2.545273470740236,3.5507785645812633,9,True,True,True,True,True,True,True,True,True,True
56,"multiply(df_min(sma(rank(momentum_20d), 18), df_min(momentum_20d, rank(momentum_20d))), add(rank(momentum_5d), df_min(square(momentum_60d), df_min(open_close_range, momentum_5d))))",3.5233149824288477,12.344779183940108,-0.007909803483794596,0.20266432832536962,3.5859617559654655,6.8225813699261595,0.04729440357854162,0.4467407559126653,6.40041461504146,3.5859617559654655,9,True,True,True,True,True,True,True,True,True,True
57,"Abs(multiply(subtract(subtract(momentum_20d, returns), Decay_exp(open_close_range, 60)), normalize(correlation(vwap, upper_shadow, 60))))",3.845085448225692,12.252391836130549,-0.007736784888647876,0.25985962976479043,3.9030793657304574,8.462786071744123,0.04192983118174833,0.799766864572987,7.973012330343525,3.9030793657304574,9,True,True,True,True,True,True,True,True,True,True
58,"stddev(df_max(log(ts_rank(returns, 3)), df_max(add(momentum_20d, momentum_5d), add(vwap_deviation, momentum_20d))), 6)",4.226562907557563,14.242499517431128,-0.018097834044137586,0.2774880000556098,-6.045570221691008,12.732412420127584,0.03743764764061599,0.8320529796688089,-6.045570221691008,4.370676109807619,7,False,True,True,True,False,True,False,True,True,True
59,"stddev(df_max(add(add(momentum_20d, momentum_5d), add(vwap_deviation, vwap_deviation)), df_max(add(momentum_20d, momentum_5d), Decay_lin(momentum_20d, 120))), 6)",3.9132296187529865,13.861110220614043,-0.021511906937454812,0.2272029989774124,0.0,10.324738057473024,0.046239505668982675,0.7599060295658262,0.0,4.1228732761292335,7,False,True,True,True,False,True,False,True,True,True
60,"stddev(df_max(rank(adv60), df_max(add(momentum_20d, momentum_5d), add(momentum_20d, vwap_deviation))), 6)",3.847396331613218,15.854068338305755,-0.012276021359387063,0.17474680786784405,1.1806313567731692,9.969136150929472,0.048627217962131056,0.8123008827073037,1.1806313567731692,3.962915253636067,9,True,True,True,True,True,True,True,True,True,True
61,"stddev(df_max(add(upper_shadow, add(vwap_deviation, vwap_deviation)), df_max(ts_max(momentum_5d, 60), add(vwap_deviation, momentum_20d))), 6)",4.090278831561477,15.387215223222684,-0.006270994893686488,0.20263228133739145,4.114314539685563,11.363803286267846,0.03915211496401686,0.6088258754443796,6.769489312359027,4.114314539685563,9,True,True,True,True,True,True,True,True,True,True
62,"stddev(df_max(add(upper_shadow, add(vwap_deviation, vwap_deviation)), df_max(stddev(volume_momentum_5_20, 48), add(vwap_deviation, momentum_20d))), 6)",3.369603919788087,11.761016880714843,-0.014465684886988496,0.19731371080013743,-0.7048052535346246,12.741516730809128,0.04228005525339217,0.8435867000166118,-0.7048052535346246,3.5007481288790494,7,False,True,True,True,False,True,False,True,True,True
63,"correlation(multiply(multiply(multiply(dollars_traded, high), multiply(volume_ratio_20d, high)), delta(quote_volume, 48)), sqrt(zscore_cs(momentum_20d)), 30)",3.7692972590059868,10.220102937825374,0.0017142893394929734,0.25208078921625393,4.00317790900441,7.182296814835667,0.04562996219764017,0.6246624822016931,6.186766059077498,4.00317790900441,9,True,True,True,True,True,True,True,True,True,True
64,"correlation(multiply(multiply(multiply(dollars_traded, high), multiply(volume_ratio_20d, high)), multiply(delay(beta_to_btc, 180), delay(upper_shadow, 60))), sqrt(zscore_cs(momentum_20d)), 30)",4.425243989932109,12.880037703960737,0.0006340172998072219,0.2563884702191938,0.0,5.90675199067381,0.04855930517050509,0.7530414526644776,0.0,4.48528664386908,7,False,True,True,True,False,True,False,True,True,True
65,"correlation(multiply(multiply(multiply(dollars_traded, high), multiply(volume_ratio_20d, high)), Sign(momentum_20d)), sqrt(zscore_cs(momentum_20d)), 30)",3.7308945483914933,10.392685998378184,-0.0011557902391193886,0.24062422775881212,-1.4619766249690012,6.485020435919391,0.05100815249722963,0.9280628207381746,-1.4619766249690012,3.8591971927917927,6,False,True,True,True,False,True,False,True,False,True
66,"add(ts_rank(ts_rank(ts_min(vwap, 24), 240), 240), open_close_range)",3.1023161546968163,8.995206690958216,-0.009315651311208411,0.13932457188330438,1.4617817275025449,11.287538935842793,0.05421256893641681,-0.2313862416843414,1.4617817275025449,3.270509647960961,8,False,True,True,True,True,True,True,True,False,True
67,"ts_zscore(rank(add(high_low_range, ts_max(momentum_60d, 90))), 240)",2.791466455201594,7.858861125457305,-0.006228897459841303,0.1277950887520485,0.0,7.32737196171573,0.03255886264917946,0.4031604895604068,0.0,2.87047744429935,6,False,False,True,True,False,True,False,True,True,True
68,"stddev(df_min(df_min(Abs(adv20), historical_volatility_20), df_min(ts_rank(lower_shadow, 18), momentum_20d)), 6)",3.5188815114389014,10.49258329309315,-0.023966344658175355,0.25633846126290805,3.5335703653365105,5.524861247505494,0.04885232394995573,0.5714098012328759,8.425018700611842,3.5335703653365105,9,True,True,True,True,True,True,True,True,True,True
69,"correlation(multiply(multiply(multiply(dollars_traded, high), multiply(volume_ratio_20d, high)), multiply(correlation(parkinson_volatility_20, volume, 12), delay(beta_to_btc, 60))), sqrt(zscore_cs(momentum_20d)), 30)",3.385112679270317,8.955063076865972,0.002275390078819521,0.23196854030947034,3.4619413029676194,6.207190022675662,0.03032790249527362,0.37514349375044587,5.2134860347750935,3.4619413029676194,9,True,True,True,True,True,True,True,True,True,True
70,"add(ts_rank(ts_sum(high_low_range, 120), 240), ts_max(open_close_range, 3))",4.022065609443552,17.071558712469827,-0.010706695812331215,0.1081594980259163,-0.3967834080714151,8.178141489433816,0.055064542357331846,0.7483102408274842,-0.3967834080714151,4.0436177681688195,6,False,True,True,True,False,True,False,True,False,True
71,"correlation(multiply(multiply(multiply(dollars_traded, high), multiply(volume_ratio_20d, high)), multiply(Decay_lin(vwap_deviation, 30), delay(beta_to_btc, 60))), sqrt(zscore_cs(momentum_20d)), 30)",3.0758961569955305,7.6274721222330495,-0.0034130458487372306,0.22908825022705903,-7.793368737965484,4.260170305256104,0.03369583438652298,0.31309449761475666,-7.793368737965484,3.2913446685076777,7,False,True,True,True,False,True,False,True,True,True
72,"stddev(df_min(df_min(Abs(momentum_20d), historical_volatility_20), rank(volume_ratio_20d)), 6)",3.933230496574057,11.15436857791926,-0.018820605423310932,0.27260848460419346,3.988218567201883,6.794240998193696,0.04452317342329691,0.8430021764655606,8.859133929857121,3.988218567201883,9,True,True,True,True,True,True,True,True,True,True
73,"multiply(df_min(sma(sma(volume_momentum_1, 48), 48), df_min(sma(volume_momentum_1, 18), df_min(momentum_20d, momentum_5d))), add(sma(sma(volume_momentum_1, 48), 48), df_min(square(momentum_60d), df_min(high_low_range, momentum_5d))))",4.340813592213915,14.789617696878873,-0.006884684496766324,0.22237439917376284,4.3016891985929435,8.09243016903607,0.0546206743320068,0.9700597996192266,7.3627941506472485,4.3016891985929435,8,False,True,True,True,True,True,True,True,False,True
74,"stddev(df_max(add(upper_shadow, add(vwap_deviation, vwap_deviation)), df_max(add(momentum_20d, momentum_5d), normalize(historical_volatility_120))), 6)",3.4915177937088933,11.227142507571944,-0.017556748116323392,0.2301916155046381,0.0,11.57767012150195,0.04955410607736727,0.7880251784080804,0.0,3.5905498216518215,7,False,True,True,True,False,True,False,True,True,True
75,"stddev(df_min(df_min(Abs(momentum_20d), historical_volatility_20), Abs(ts_skewness(dollars_traded, 6))), 6)",3.947422111597939,12.639594049738514,-0.01652667442388481,0.2598846909603479,3.985570672063865,6.426884402371855,0.04547784802646119,0.5921266544007862,5.8950233342675045,3.985570672063865,9,True,True,True,True,True,True,True,True,True,True
76,"stddev(df_max(ts_min(zscore_cs(historical_volatility_120), 60), df_max(add(momentum_20d, momentum_5d), add(vwap_deviation, momentum_20d))), 6)",3.809974614730545,12.661147936226035,-0.0005430876755364142,0.2462097097043896,1.1806313567731692,11.86632374392223,0.04346787259029495,0.7578092144777013,1.1806313567731692,3.9250557973416615,9,True,True,True,True,True,True,True,True,True,True
77,"add(ts_rank(ts_rank(s_log_1p(close), 240), 240), sma(volume_ratio_20d, 240))",3.936297365664215,13.760113755013691,-0.017934552991711646,0.1658896426764692,0.13963285168864148,13.198082574152142,0.054671021952791256,1.099369678699959,0.13963285168864148,4.087092501505876,7,False,True,True,True,True,True,False,True,False,True
78,"stddev(df_max(add(Sign(close), add(upper_shadow, vwap_deviation)), df_max(add(momentum_20d, momentum_5d), add(vwap_deviation, momentum_20d))), 6)",3.6125005697028487,12.992159584801016,-0.031785555513413444,0.22487376800619988,-1.550212512511188,8.679318757205486,0.044306046504026635,0.8561452642109144,-1.550212512511188,3.7304017225359916,7,False,True,True,True,False,True,False,True,True,True
79,"add(ts_rank(ts_rank(s_log_1p(close), 240), 240), sma(log(volume_ratio_20d), 24))",3.008064793506968,10.085552133946983,-0.014861241349646738,0.12474041150191698,2.1840188171901254,6.986650233820936,0.05399392087867183,0.4343985293241585,2.1840188171901254,3.0960330180518345,8,False,True,True,True,True,True,True,True,False,True
80,"stddev(df_min(df_min(Abs(momentum_20d), historical_volatility_20), ts_kurtosis(sma(upper_shadow, 120), 240)), 6)",3.141832200535706,9.258398761553549,-0.0022690417042438987,0.18189543929400767,3.4167077759182622,13.4995434119161,0.06258412583800024,1.3654798329013722,4.167388402873183,3.4167077759182622,8,False,True,True,True,True,True,True,True,False,True
81,"multiply(df_min(sma(sma(volume_momentum_1, 36), 48), df_min(sma(volume_momentum_1, 18), df_min(momentum_20d, momentum_5d))), correlation(normalize(momentum_5d), square(dollars_traded), 36))",3.8351854903309386,11.328880708547395,-0.001381024752921744,0.27265814358184176,3.725554350673216,8.778507896285415,0.044859050425781206,0.151286793740082,6.339061783591019,3.725554350673216,9,True,True,True,True,True,True,True,True,True,True
82,"stddev(df_max(add(upper_shadow, add(vwap_deviation, vwap_deviation)), df_max(add(momentum_20d, momentum_5d), normalize(momentum_5d))), 6)",3.6501346786482736,11.676056989193986,-0.021284400578068813,0.27004722494842276,2.414463089029745,11.691038503261513,0.044402498348636577,0.8226567399003798,2.414463089029745,3.7396825031055374,9,True,True,True,True,True,True,True,True,True,True
83,"stddev(df_max(ts_min(historical_volatility_60, 48), df_max(add(momentum_20d, momentum_5d), add(vwap_deviation, momentum_20d))), 6)",3.587139828270594,14.36897144146067,-0.006561579559555998,0.16943902348192988,1.1806313567731692,10.036603737262347,0.04651841260955914,0.859609609604598,1.1806313567731692,3.695187477020508,9,True,True,True,True,True,True,True,True,True,True
84,"multiply(df_min(sma(sma(lower_shadow, 18), 18), df_min(sma(volume_momentum_1, 18), df_min(momentum_20d, adv20))), add(rank(momentum_5d), df_min(true_divide(high_low_range, historical_volatility_60), df_min(high_low_range, momentum_5d))))",3.261033285245244,8.37891435893669,-0.010942970708622041,0.2755867312141021,3.2565763330105755,11.463906159543704,0.040513977709354505,0.5735034205794735,6.054842658436389,3.2565763330105755,9,True,True,True,True,True,True,True,True,True,True
85,"stddev(df_min(df_min(Abs(momentum_20d), historical_volatility_20), ts_kurtosis(ts_kurtosis(dollars_traded, 240), 240)), 6)",4.363789306679448,14.800988785971038,-0.0032293908494876837,0.21998025434852134,3.88444333469848,13.828192333231154,0.04510358840476103,1.3107149440270904,5.856251182613913,3.88444333469848,9,True,True,True,True,True,True,True,True,True,True
86,"stddev(df_min(df_min(Abs(momentum_20d), rank(lower_shadow)), ts_kurtosis(volume, 90)), 30)",3.813669620559957,22.174874866736534,-0.024740974699947967,0.06730104012699774,0.8166823771378653,4.333349756113581,0.04184468328714013,0.52496460388663,0.8166823771378653,3.8663602365311847,8,False,True,True,True,True,True,False,True,True,True
87,"stddev(df_min(df_min(Abs(momentum_20d), rank(lower_shadow)), Decay_exp(momentum_60d, 24)), 6)",4.114671302843163,12.409472439037128,-0.018946604626142144,0.24886528399177674,0.0,5.299643198689179,0.045627915488000166,0.7349197896759395,0.0,4.231640443830988,7,False,True,True,True,False,True,False,True,True,True
88,"stddev(df_min(df_min(Abs(momentum_20d), rank(upper_shadow)), ts_kurtosis(volume, 120)), 6)",4.145895005551892,11.977062248737601,-0.014418934130197522,0.2786015987823835,4.29525194955713,8.240380521838855,0.03330821751278089,0.44634842074796083,6.099433464361986,4.29525194955713,9,True,True,True,True,True,True,True,True,True,True
89,"correlation(multiply(multiply(multiply(dollars_traded, high), multiply(volume_ratio_20d, high)), multiply(delay(beta_to_btc, 180), ts_rank(returns, 90))), sqrt(zscore_cs(momentum_20d)), 30)",3.5270670028548334,9.023208767340334,-0.0022902165788579606,0.25234825432281266,0.0,6.81311782937327,0.049612054938255344,0.7940656814297145,0.0,3.6938703961670067,7,False,True,True,True,False,True,False,True,True,True
90,"multiply(ts_zscore(multiply(historical_volatility_20, close), 240), add(rank(momentum_5d), df_min(sma(volume_momentum_1, 18), df_min(momentum_20d, adv20))))",3.263409828273531,10.944362443292187,-0.00886989286540826,0.18992314109366873,2.229013635020742,10.282396008545582,0.04756479703159675,0.14553493109040833,2.229013635020742,3.3437368124314086,9,True,True,True,True,True,True,True,True,True,True
91,"multiply(df_min(sma(sma(momentum_20d, 18), 48), df_min(sma(volume_momentum_1, 18), Decay_lin(momentum_20d, 18))), add(rank(momentum_5d), df_min(sma(volume_momentum_1, 18), df_min(momentum_20d, adv20))))",4.679427801587042,16.129879949619617,0.0009268110349379699,0.21699374589401943,0.0,8.457308926245876,0.040871351620563996,0.7069422292605683,0.0,4.857853407403595,7,False,True,True,True,False,True,False,True,True,True
92,"multiply(df_min(sma(sma(volume_momentum_1, 18), 240), df_min(sma(volume_momentum_1, 18), df_min(momentum_20d, adv20))), add(rank(momentum_20d), df_min(ts_rank(volume, 24), df_min(momentum_20d, adv20))))",5.328442970051057,18.881261729189497,-0.01584631270331907,0.24079481858921137,5.4065012684301035,9.169207022196321,0.048924878983004065,0.7265111393770893,9.584010268081466,5.4065012684301035,9,True,True,True,True,True,True,True,True,True,True
93,"stddev(df_min(df_min(Abs(momentum_20d), rank(lower_shadow)), ts_kurtosis(volume_ratio_20d, 36)), 6)",4.391060353359413,12.837386460071256,-0.011719623128364819,0.26588196525622504,-4.09436752373342,13.302671006732037,0.03155508027242433,0.5693115453620126,-4.09436752373342,4.606296693198552,7,False,True,True,True,False,True,False,True,True,True
94,"stddev(df_max(ts_skewness(open, 180), df_max(add(momentum_20d, momentum_5d), add(vwap_deviation, momentum_20d))), 6)",3.3705221623294124,9.985125972825218,-0.012347206873824597,0.2674727563070532,3.4083548111551663,12.166897143143881,0.04657688491079802,0.7664361764627508,7.822710865935772,3.4083548111551663,9,True,True,True,True,True,True,True,True,True,True
95,"multiply(df_min(sma(sma(momentum_5d, 24), 48), df_min(sma(volume_momentum_1, 18), df_min(momentum_20d, adv20))), add(rank(momentum_5d), df_min(ts_rank(volume, 18), df_min(momentum_20d, adv20))))",3.631071824772208,10.77330436465189,-0.004895214924760124,0.27075436753801413,-3.3777042363459238,13.016151058780626,0.03623179928354151,1.0964632984120457,-3.3777042363459238,3.848456392336462,7,False,True,True,True,False,True,False,True,True,True
96,"stddev(df_max(correlation(beta_to_btc, historical_volatility_10, 180), df_max(add(momentum_20d, momentum_5d), add(vwap_deviation, momentum_20d))), 6)",3.602593760167583,14.256449144261666,-0.013676067166635622,0.17390488914213856,3.510676914171864,11.402801602146813,0.03987822196295559,0.8049470387253849,5.46397726019122,3.510676914171864,9,True,True,True,True,True,True,True,True,True,True
97,"stddev(df_min(df_min(Abs(momentum_20d), rank(lower_shadow)), ts_kurtosis(add(volume_momentum_1, momentum_60d), 36)), 6)",4.443528424043767,13.333582978580855,-0.011703448277344047,0.23603560891196207,0.0,10.35311627664975,0.039609417068900636,1.0690713589777177,0.0,4.570014276242565,7,False,True,True,True,False,True,False,True,True,True
98,"rank(correlation(high_low_range, close, 120))",3.7135098168477936,16.485903181474942,-0.00930122330265906,0.07265301771040306,3.6282604201105326,15.009620071119365,0.043920588573504206,0.515486925270281,4.80256661710067,3.6282604201105326,9,True,True,True,True,True,True,True,True,True,True
99,"stddev(df_min(df_min(Abs(momentum_20d), rank(lower_shadow)), ts_rank(adv60, 240)), 6)",4.47820257272761,15.308988726964339,-0.010625570871457973,0.20315507503975183,0.0,4.87065948450248,0.029602810625863393,0.7426071676178003,0.0,4.605694062132582,7,False,True,True,True,False,True,False,True,True,True
100,"multiply(df_min(sma(sma(volume_momentum_1, 24), 48), df_min(adv20, df_min(momentum_20d, momentum_60d))), add(rank(momentum_5d), df_min(ts_rank(adv20, 18), df_min(momentum_20d, adv20))))",3.573031420684944,12.404454488817537,-0.001991578833195146,0.17367212574939328,0.0,8.088565248900121,0.030991972477105435,0.40887066755853047,0.0,3.674403132368279,7,False,True,True,True,False,True,False,True,True,True
101,"correlation(multiply(multiply(multiply(dollars_traded, high), multiply(volume_ratio_20d, high)), multiply(ts_skewness(returns, 90), ts_rank(close, 180))), sqrt(zscore_cs(momentum_20d)), 30)",3.378855673498401,8.942892293533163,-0.0020365761073480077,0.23061006188548488,2.7604973498836154,5.676957895830166,0.043961714354505556,0.556456033028308,2.7604973498836154,3.524340643363463,9,True,True,True,True,True,True,True,True,True,True
102,"stddev(df_min(df_min(Abs(momentum_20d), rank(lower_shadow)), subtract(df_min(adv20, volume_ratio_20d), correlation(turnover, historical_volatility_10, 36))), 6)",4.605902544331549,14.048805231132514,-0.011248142465174521,0.2597148156596724,4.7057075933013754,6.850678181546269,0.03743339696110973,0.6503555745349933,8.479271412660443,4.7057075933013754,9,True,True,True,True,True,True,True,True,True,True
103,"correlation(multiply(multiply(multiply(dollars_traded, high), delay(close_position_in_range, 3)), multiply(delay(beta_to_btc, 180), ts_rank(close, 120))), sqrt(zscore_cs(momentum_20d)), 30)",3.8735829081079993,10.952745604283457,-0.0019240955324959115,0.23636493745617487,0.0,6.159780052054466,0.04166398704880615,0.6926438129244215,0.0,4.064870522567059,7,False,True,True,True,False,True,False,True,True,True
104,"multiply(df_min(sma(ts_zscore(returns, 180), 48), df_min(sma(volume_momentum_1, 24), df_min(momentum_20d, adv20))), add(rank(momentum_5d), df_min(ts_rank(adv20, 18), df_min(momentum_20d, adv20))))",3.8266856907671567,11.658306742706456,-0.002749396947461288,0.2713248227408011,2.480212059539867,7.990010325324447,0.04652437486792897,0.5210359895078058,2.480212059539867,4.087947354239106,9,True,True,True,True,True,True,True,True,True,True
105,"multiply(df_min(correlation(momentum_60d, open_close_range, 240), df_min(sma(volume_momentum_1, 18), df_min(momentum_20d, adv20))), add(rank(momentum_5d), df_min(ts_rank(adv20, 24), df_min(momentum_20d, adv20))))",4.923191880674831,17.10734595249867,-0.004387294113088577,0.2469810795202742,4.936333960855043,7.805680654633531,0.050649109019646886,0.8338147870041475,8.958842823666542,4.936333960855043,8,False,True,True,True,True,True,True,True,False,True
106,"multiply(df_min(sma(sma(volume_momentum_1, 24), 48), df_min(sma(volume_momentum_1, 18), momentum_20d)), add(rank(momentum_5d), df_min(ts_skewness(parkinson_volatility_20, 180), df_min(momentum_20d, adv20))))",4.558821174341031,14.578084142235012,-0.003004759488196908,0.25273466782042997,4.615466272485391,13.44610712866628,0.0480841572425508,1.1631215948114624,4.615466272485391,4.645007776898691,9,True,True,True,True,True,True,True,True,True,True
107,"stddev(df_min(df_min(Abs(momentum_20d), rank(lower_shadow)), ts_min(momentum_20d, 12)), 6)",3.948824328410165,11.685822160621852,-0.008705464083987324,0.26053622194495607,3.963625241300638,5.723060633973357,0.05142429954321978,0.7750258965903805,9.69448411188201,3.963625241300638,8,False,True,True,True,True,True,True,True,False,True
108,"stddev(df_max(add(upper_shadow, add(vwap_deviation, vwap_deviation)), df_max(add(momentum_20d, momentum_5d), ts_min(momentum_60d, 36))), 6)",3.7478126872287225,12.387633027808649,-0.015462620342836568,0.2335126082683723,0.0,10.688171649754644,0.048733690466490474,0.7482261098812771,0.0,3.8542076558403533,7,False,True,True,True,False,True,False,True,True,True
109,"stddev(df_min(df_min(Abs(momentum_20d), rank(lower_shadow)), ts_kurtosis(delay(volume, 90), 36)), 6)",4.917896242325643,14.338423291217527,-0.012490688171677035,0.2731656700947274,3.535430996786966,5.087454728301219,0.036890994074729254,0.7104293314518775,3.535430996786966,4.580688176548296,9,True,True,True,True,True,True,True,True,True,True
110,"multiply(df_min(sma(ts_skewness(momentum_60d, 12), 48), df_min(sma(volume_momentum_1, 18), df_min(momentum_20d, adv20))), add(rank(momentum_5d), df_min(ts_rank(adv20, 18), df_min(momentum_20d, adv20))))",4.610586973777032,15.777498985179026,-0.0028754319497242466,0.24223811393920047,4.615596881902403,9.741295253466603,0.051460998847246586,0.9400864608826346,8.851858659813793,4.615596881902403,8,False,True,True,True,True,True,True,True,False,True
111,"stddev(df_max(add(upper_shadow, vwap_deviation), df_max(add(momentum_20d, momentum_5d), ts_max(momentum_60d, 36))), 6)",3.1956796043458553,9.78184680136394,-0.014512785324091242,0.22523776425535696,0.0,11.405586260936055,0.053065129430979685,0.8351938691653051,0.0,3.286235599615678,6,False,True,True,True,False,True,False,True,False,True
112,"stddev(df_max(add(upper_shadow, add(vwap_deviation, vwap_deviation)), df_max(add(momentum_20d, momentum_5d), ts_skewness(momentum_5d, 240))), 6)",3.7264119416372594,12.526194173228722,-0.007427723404205007,0.23915180518778514,3.6934874359860927,10.68339684512771,0.048179509581477806,0.7687734116559708,7.444534070256824,3.6934874359860927,9,True,True,True,True,True,True,True,True,True,True
113,"stddev(df_max(add(upper_shadow, add(vwap_deviation, vwap_deviation)), df_max(rank(historical_volatility_120), add(momentum_20d, momentum_20d))), 6)",3.4536631381588645,12.973282301456955,-0.010806525996018208,0.18157045321253804,3.539499206084751,10.83558194260458,0.04102104970239326,0.6137611397835926,5.4069940045389675,3.539499206084751,9,True,True,True,True,True,True,True,True,True,True
114,"stddev(df_min(df_min(Abs(momentum_20d), rank(lower_shadow)), ts_kurtosis(true_divide(adv20, returns), 18)), 18)",4.07898197406779,16.670653976077496,-0.01307138937570164,0.09703379409297101,4.125251907623558,6.143694884388311,0.03746236459229007,0.6926444141301747,4.9203726159769845,4.125251907623558,9,True,True,True,True,True,True,True,True,True,True
115,"stddev(df_min(df_min(Abs(momentum_20d), rank(lower_shadow)), ts_kurtosis(true_divide(momentum_20d, open_close_range), 18)), 6)",4.518269312759778,12.78858691590604,-0.010563714775943764,0.24466458825229734,4.573325857463824,8.819912020001155,0.04310208193613069,1.1840058582866984,6.62445741771929,4.573325857463824,9,True,True,True,True,True,True,True,True,True,True
116,"stddev(df_min(df_min(Abs(momentum_20d), rank(lower_shadow)), ts_kurtosis(true_divide(volume_momentum_1, returns), 18)), 6)",5.129204982121177,15.918124006849794,-0.012217198720236225,0.25676876889758793,1.8783039507519927,6.696586134357836,0.04143630723429518,0.9377022221563628,1.8783039507519927,5.345355950241782,9,True,True,True,True,True,True,True,True,True,True
117,"stddev(df_min(df_min(Abs(momentum_20d), rank(lower_shadow)), ts_kurtosis(true_divide(parkinson_volatility_20, upper_shadow), 18)), 6)",3.580048114232865,9.379550370055803,-0.011576450813029385,0.24625427012345688,3.6452664097122844,16.851793625582438,0.0431227772294727,1.2976255586285887,5.123214489682334,3.6452664097122844,9,True,True,True,True,True,True,True,True,True,True
118,"stddev(df_min(df_min(Abs(momentum_20d), rank(lower_shadow)), ts_kurtosis(true_divide(historical_volatility_20, lower_shadow), 18)), 6)",4.985630618373261,14.600554129592997,-0.008823303256813807,0.24819353969201338,-5.442330109467957,8.319699454665212,0.044219399282617686,0.8198453488384683,-5.442330109467957,5.166211927652754,7,False,True,True,True,False,True,False,True,True,True
119,"stddev(df_min(df_min(Abs(momentum_20d), rank(lower_shadow)), ts_kurtosis(volume_momentum_1, 18)), 6)",3.604936232775299,7.734600680176744,-0.005586157789661509,0.2902517404623987,0.035255134891072966,9.09429543420844,0.030864938235907413,0.616916194840749,0.035255134891072966,3.7322015952421705,8,False,True,True,True,True,True,False,True,True,True
120,"stddev(df_min(df_min(Abs(momentum_20d), rank(lower_shadow)), ts_kurtosis(true_divide(historical_volatility_20, open_close_range), 18)), 6)",4.334830703649222,12.141281704969217,-0.011094998836112641,0.24361495667704283,0.3568058063333856,9.09328827488876,0.042593986078607246,0.9618721572062094,0.3568058063333856,4.421649005396739,8,False,True,True,True,True,True,False,True,True,True
121,"stddev(df_min(df_min(Abs(momentum_20d), rank(lower_shadow)), Sign(Decay_lin(momentum_20d, 60))), 6)",4.3879651990959925,14.81300818996241,-0.006407155107214088,0.1933597044064849,0.0,4.860831301301787,0.03955994220012234,0.6260593992725383,0.0,4.5992764828489525,7,False,True,True,True,False,True,False,True,True,True
122,"stddev(df_min(df_min(Abs(momentum_20d), Abs(momentum_20d)), ts_kurtosis(true_divide(beta_to_btc, returns), 18)), 6)",3.3365170418580092,9.047245118294887,-0.018628665885264,0.24147807501712762,2.7211328743780956,11.481883941304112,0.0517402255852593,0.8029273045545481,2.7211328743780956,3.4043864843803866,8,False,True,True,True,True,True,True,True,False,True
123,"stddev(df_min(df_min(Abs(momentum_20d), rank(lower_shadow)), correlation(df_max(open, historical_volatility_20), adv20, 60)), 60)",3.838034148358453,21.289674815864835,-0.0020867793143272756,0.040181852161106354,3.874357222373806,9.037714644751187,0.04249732488912907,0.48449237044867155,5.185980543216696,3.874357222373806,9,True,True,True,True,True,True,True,True,True,True
124,"stddev(df_min(df_min(Abs(momentum_20d), rank(lower_shadow)), correlation(df_max(open, historical_volatility_20), historical_volatility_20, 60)), 6)",4.675610629762229,14.181030880957133,-0.011365983128700293,0.2615862935520765,-0.043298336560678836,7.495536596453499,0.03959218928543591,1.006369712114349,-0.043298336560678836,4.842055223090455,7,False,True,True,True,False,True,False,True,True,True
125,"stddev(df_min(df_min(Abs(momentum_20d), rank(lower_shadow)), correlation(df_max(open, historical_volatility_20), momentum_5d, 60)), 6)",3.697695905102588,9.514412502034874,-0.010713573861901683,0.2773532111166837,3.181663143538833,8.989163549668195,0.05178704385209238,0.7621235986154852,3.181663143538833,3.8542334805439022,8,False,True,True,True,True,True,True,True,False,True
126,"stddev(df_min(df_min(Abs(momentum_20d), rank(lower_shadow)), correlation(df_max(momentum_20d, historical_volatility_20), adv20, 60)), 60)",3.97449349772129,27.058009926333074,-0.011092882699799295,0.0349645731699692,3.988745349595483,7.620870878683191,0.02879082317369526,0.6066714835751835,5.821609508801652,3.988745349595483,9,True,True,True,True,True,True,True,True,True,True
127,"ts_zscore(rank(stddev(momentum_60d, 18)), 240)",2.539340188654195,5.732568902582772,-0.011333647969391895,0.17604490630477826,0.0,7.009896456039214,0.039992629757122235,-0.026970500812256343,0.0,2.6111689993067944,6,False,False,True,True,False,True,False,True,True,True
128,"stddev(df_min(df_min(Abs(momentum_20d), rank(lower_shadow)), correlation(df_max(open, lower_shadow), open, 60)), 6)",4.786930182574266,14.341166532227424,-0.01122850383378254,0.26952773193566926,4.152485079275688,3.776569518853548,0.035942676720292076,0.7800096314867966,4.152485079275688,4.887925623597413,9,True,True,True,True,True,True,True,True,True,True
129,"stddev(df_min(df_min(Abs(momentum_20d), rank(lower_shadow)), correlation(df_max(historical_volatility_10, historical_volatility_20), open, 60)), 6)",4.065087623134995,11.067188379799184,-0.004923213983390491,0.2700281633069233,-4.723163959112856,9.09183917300411,0.04416049064018194,0.7888651725524817,-4.723163959112856,4.21063399865874,7,False,True,True,True,False,True,False,True,True,True
130,"stddev(df_min(df_min(Abs(momentum_20d), rank(vwap_deviation)), correlation(df_max(open, historical_volatility_20), open, 60)), 6)",3.7522125839310605,12.677322972607262,-0.01992336189692775,0.20166175669243572,-2.7226645397982043,6.513333996292297,0.04450454190154382,0.5355019187422905,-2.7226645397982043,3.902726491735884,7,False,True,True,True,False,True,False,True,True,True
131,"stddev(df_min(df_min(Abs(momentum_20d), rank(lower_shadow)), correlation(sma(parkinson_volatility_10, 30), open, 60)), 6)",4.651173934986277,13.105331561015959,-0.004532810125106661,0.2733868795475207,1.3142767656893781,7.80399835422516,0.041245788867352404,0.9525267756335923,1.3142767656893781,4.789937243934957,9,True,True,True,True,True,True,True,True,True,True
132,"stddev(df_min(df_min(Abs(momentum_20d), rank(lower_shadow)), correlation(df_max(historical_volatility_60, historical_volatility_20), open, 60)), 6)",4.235106668594128,11.534975800807025,-0.01010704086329073,0.2727701717704846,-6.149722715655475,7.267392401528974,0.043345231298862294,1.0650578363405383,-6.149722715655475,4.401564050307359,7,False,True,True,True,False,True,False,True,True,True
133,"stddev(df_min(df_min(Abs(momentum_20d), rank(lower_shadow)), rank(momentum_20d)), 60)",3.652808783658682,27.37915401266228,-0.017731011364780194,0.03734184917727137,3.723133891673965,4.618446226572817,0.039065442276671254,0.4120327642136848,7.161798261761765,3.723133891673965,9,True,True,True,True,True,True,True,True,True,True
134,"stddev(df_min(df_min(Abs(momentum_20d), rank(lower_shadow)), correlation(df_max(vwap, beta_to_btc), open, 60)), 6)",4.233392960639067,11.43516878617444,-0.008814134232129121,0.26557557857858183,1.7084992805662158,4.404491921706289,0.05106437171975453,0.8331615086246129,1.7084992805662158,4.310737221258987,8,False,True,True,True,True,True,True,True,False,True
135,"add(ts_rank(rank(historical_volatility_20), 240), ts_sum(open_close_range, 3))",3.819674460152224,13.315770794710941,-0.00927469174162719,0.10963521332480382,-0.054451014800987234,14.391220158136957,0.041444221798036966,0.2335433816027188,-0.054451014800987234,3.9578581489646454,7,False,True,True,True,False,True,False,True,True,True
136,"stddev(df_min(df_min(Abs(historical_volatility_20), rank(lower_shadow)), correlation(df_max(historical_volatility_20, historical_volatility_20), open, 60)), 6)",3.333286243905295,7.300188582144664,-0.007149855036840724,0.25945635379136,-7.125801668253184,5.246084530096653,0.04875751682902519,0.7904475278088501,-7.125801668253184,3.5391952876426367,7,False,True,True,True,False,True,False,True,True,True
137,"Abs(multiply(historical_volatility_20, Decay_exp(true_divide(momentum_20d, adv20), 3)))",4.364148493575037,21.899846220699626,-0.013465477685466895,0.11799619680306704,4.147692914166471,17.44672663232134,0.040774967169993744,1.4956284125940298,4.147692914166471,4.48156005328318,9,True,True,True,True,True,True,True,True,True,True
138,"stddev(df_min(df_min(Abs(momentum_20d), rank(lower_shadow)), correlation(Abs(momentum_20d), open, 180)), 6)",4.279009514426059,13.971855959373542,-0.008502518014375307,0.21464016240980235,1.307482498023271,4.910031059141707,0.051011800619493695,0.8162488257093785,1.307482498023271,4.349416361865959,8,False,True,True,True,True,True,True,True,False,True
139,"stddev(df_min(df_min(Abs(momentum_20d), rank(lower_shadow)), correlation(df_max(vwap, historical_volatility_20), ts_sum(adv60, 60), 60)), 6)",3.9066834124368244,10.406693641052053,-0.00698332162896771,0.23432036691708472,0.0,7.572637171812903,0.03729143782552577,1.0096303572955325,0.0,4.017652370103548,7,False,True,True,True,False,True,False,True,True,True
140,"stddev(df_min(df_min(Abs(momentum_20d), rank(upper_shadow)), correlation(df_max(momentum_20d, historical_volatility_20), open, 60)), 6)",3.3645626152869608,8.024561425361181,-0.009775263924066167,0.27541630564971087,-6.81924746696774,11.86722008470226,0.0528909185949922,1.0875498708251239,-6.81924746696774,3.496422554123602,6,False,True,True,True,False,True,False,True,False,True
141,"add(ts_rank(sqrt(df_min(historical_volatility_20, open)), 240), ts_sum(open_close_range, 3))",3.8191572471385755,13.194696570411066,-0.010630785129362857,0.14141440490352927,2.6881836507059855,19.49272593817709,0.055778626801254096,0.40241488181779606,2.6881836507059855,4.120130149209422,8,False,True,True,True,True,True,True,True,False,True
142,"add(ts_rank(stddev(momentum_20d, 18), 240), ts_sum(open_close_range, 3))",2.7803910385355834,6.897435776008136,-0.006656499057508941,0.19794201298854508,1.8730558960791819,14.229500260657684,0.045047337574814605,-0.1423213511543821,1.8730558960791819,2.7680372564024798,8,False,False,True,True,True,True,True,True,True,True
143,"stddev(df_min(df_min(Abs(momentum_20d), rank(lower_shadow)), correlation(delay(volume_momentum_5_20, 90), open, 60)), 6)",3.9603096907262816,9.81032955299444,-0.0053085055937930154,0.2623743175348133,0.0,7.700885864744474,0.047571347163219806,1.281550628007539,0.0,4.1065468585345055,7,False,True,True,True,False,True,False,True,True,True
144,"stddev(df_min(df_min(Abs(momentum_20d), rank(lower_shadow)), ts_rank(parkinson_volatility_20, 36)), 6)",5.089017076569501,16.75249985700744,-0.011421000002316014,0.2705719571469428,5.178585589914183,5.038263834968528,0.04147433477096819,0.7131215536403884,9.615826652196894,5.178585589914183,9,True,True,True,True,True,True,True,True,True,True
145,"stddev(df_min(df_min(Abs(momentum_20d), rank(lower_shadow)), correlation(ts_max(historical_volatility_60, 30), open, 60)), 6)",4.443723191063249,13.182335103864379,-0.0068138018486319655,0.2366612331122153,0.0,8.271449311864878,0.04633948967499416,0.7695304290660512,0.0,4.570214690785988,7,False,True,True,True,False,True,False,True,True,True
146,"stddev(df_min(df_min(Abs(momentum_20d), rank(lower_shadow)), correlation(parkinson_volatility_60, momentum_20d, 60)), 6)",3.2702397465089477,8.574766646764953,-0.009381785348126155,0.2286754864388922,0.0,10.23435074477861,0.03960506503871807,0.7981404447875514,0.0,3.3629297482634826,7,False,True,True,True,False,True,False,True,True,True
147,"stddev(df_min(df_min(Abs(momentum_20d), rank(lower_shadow)), correlation(stddev(adv20, 60), open, 60)), 6)",4.359883554188938,12.177757083369992,-0.004944127042971886,0.2694505706009237,3.592283425209646,8.028703243875121,0.03917836759968133,0.8844473684953934,3.592283425209646,4.448090894790777,9,True,True,True,True,True,True,True,True,True,True
148,"add(ts_rank(stddev(open, 18), 240), ts_sum(open_close_range, 3))",3.3068462023926144,9.241847926936451,-0.005228462188787582,0.20220766800893586,3.0740660952025776,14.13532544871546,0.04481808495924859,-0.46461244772504146,3.0740660952025776,3.216000071878364,9,True,True,True,True,True,True,True,True,True,True
149,"stddev(df_min(df_min(Abs(momentum_20d), rank(lower_shadow)), correlation(df_max(vwap, historical_volatility_20), correlation(high_low_range, momentum_5d, 180), 60)), 6)",3.8958951248098876,10.382364855910499,-0.005342818642340719,0.26122647419056805,3.958518997266251,9.224993246501395,0.03852999688231464,1.0445888802844814,8.045454478765754,3.958518997266251,9,True,True,True,True,True,True,True,True,True,True
150,"add(ts_rank(ts_rank(square(close), 240), 240), ts_sum(add(parkinson_volatility_20, correlation(momentum_20d, high, 18)), 3))",3.3908451808236086,8.780799833474974,-0.0076728333805287765,0.19826213283273952,-6.363729288337773,5.711513191665049,0.04623427259587297,-0.13082594601553657,-6.363729288337773,3.6607747940215845,7,False,True,True,True,False,True,False,True,True,True
151,"stddev(df_min(df_min(Abs(momentum_20d), rank(lower_shadow)), correlation(sma(volume_momentum_5_20, 90), open, 60)), 6)",3.7349888986707103,9.493138257083794,-0.004872231040009549,0.2620877835199238,-1.5434023862550819,9.452059104831037,0.0527076947130198,0.9882800125476848,-1.5434023862550819,3.8453635595102114,6,False,True,True,True,False,True,False,True,False,True
152,"stddev(df_min(df_min(Abs(momentum_20d), rank(lower_shadow)), correlation(ts_min(historical_volatility_20, 24), open, 60)), 6)",3.6166488139572395,8.509541014242565,-0.008639803299456811,0.28210242905926136,3.6279054527817514,7.352195630666853,0.03493768399308988,1.0112961030553973,8.011111634104342,3.6279054527817514,9,True,True,True,True,True,True,True,True,True,True
153,"Abs(multiply(subtract(momentum_20d, zscore_cs(low)), true_divide(normalize(momentum_5d), adv20)))",4.677609138280301,15.495437234531641,0.000784205893514946,0.2299319408765716,4.760001617914163,13.505894967034614,0.04998931609585001,1.7170164131118486,7.983085379588543,4.760001617914163,9,True,True,True,True,True,True,True,True,True,True
154,"Abs(multiply(subtract(subtract(momentum_20d, returns), zscore_cs(low)), true_divide(add(high_low_range, momentum_5d), adv20)))",3.9392647112807917,14.25861144281143,-0.01116515504646407,0.22527322176433276,4.018665355817054,9.855894811283108,0.04260899258411407,0.7925256433909383,6.920621340322359,4.018665355817054,9,True,True,True,True,True,True,True,True,True,True
155,"stddev(df_min(df_min(Abs(momentum_20d), Sign(volume_momentum_1)), correlation(df_max(vwap, historical_volatility_20), open, 60)), 6)",3.6146458792091734,9.5681810716495,-0.005618848712807091,0.2510481336046984,0.5408086352952742,7.039588560966197,0.040214402783584666,0.43156471063367163,0.5408086352952742,3.676817586521713,8,False,True,True,True,True,True,False,True,True,True
156,"Abs(multiply(subtract(subtract(momentum_20d, returns), zscore_cs(low)), true_divide(normalize(historical_volatility_20), adv20)))",3.8319338800386196,15.816782399608693,0.008245897735350241,0.11600943134661143,3.884644735611046,11.420478993176975,0.044869649070151424,1.2250243328712191,7.765552737491225,3.884644735611046,9,True,True,True,True,True,True,True,True,True,True
157,"Abs(multiply(subtract(momentum_20d, returns), ts_skewness(df_min(low, parkinson_volatility_20), 48)))",3.5883819933591816,12.299891092521017,-0.008658636419162547,0.2037113738149797,3.608205700514518,8.458538114884387,0.039919210264390645,0.7397843190081952,7.513280719911726,3.608205700514518,9,True,True,True,True,True,True,True,True,True,True
158,"stddev(df_min(df_min(Abs(momentum_20d), rank(lower_shadow)), correlation(Abs(momentum_20d), parkinson_volatility_60, 60)), 6)",3.425187549947862,8.757430826796973,-0.007348553372418567,0.2469096652460605,0.0,10.90992770364278,0.0417303827250211,0.9497427682902317,0.0,3.5223170859161392,7,False,True,True,True,False,True,False,True,True,True
159,"Abs(multiply(subtract(subtract(momentum_20d, returns), zscore_cs(low)), true_divide(zscore_cs(parkinson_volatility_20), adv20)))",4.093844980030431,22.90459065762516,-0.004341491502024889,0.09307725378159301,4.155910720702776,14.358537289118736,0.04099896337349241,1.4268589621139738,9.191388729112296,4.155910720702776,9,True,True,True,True,True,True,True,True,True,True
160,"stddev(df_min(df_min(Abs(momentum_20d), rank(lower_shadow)), correlation(df_max(vwap, historical_volatility_20), sma(momentum_20d, 48), 60)), 6)",3.6954689148963524,9.695255904050718,-0.01025885013840478,0.2517967040667159,3.7889848366559535,7.820759148131837,0.04368242276613622,0.9820679129190669,7.211840357904395,3.7889848366559535,9,True,True,True,True,True,True,True,True,True,True
161,"stddev(df_min(df_min(Abs(momentum_20d), rank(lower_shadow)), correlation(df_max(vwap, historical_volatility_20), correlation(volume_momentum_5_20, dollars_traded, 240), 60)), 6)",4.117893993150794,11.357241420041177,-0.003481894912163745,0.25096647396144894,4.447946201965528,11.049674748502575,0.043387273513987225,0.9831860828667129,6.313566998937408,4.447946201965528,9,True,True,True,True,True,True,True,True,True,True
162,"Abs(multiply(subtract(subtract(momentum_20d, returns), zscore_cs(low)), true_divide(stddev(momentum_60d, 6), sqrt(adv20))))",4.19723184218466,16.247558275166305,-0.02032824717035662,0.18957923998366719,0.0,7.745772205849616,0.04658211383532527,0.6090860037335161,0.0,4.316586691618119,7,False,True,True,True,False,True,False,True,True,True
163,"stddev(df_min(df_min(Abs(momentum_20d), rank(lower_shadow)), correlation(sma(historical_volatility_20, 120), open, 60)), 6)",3.8078326351607443,9.86706542385004,-0.009934645829660669,0.25610512287176673,-5.411127480874113,8.810323796472488,0.03583549521900309,1.2093686563145312,-5.411127480874113,3.87502773992091,7,False,True,True,True,False,True,False,True,True,True
164,"Abs(multiply(subtract(subtract(momentum_20d, returns), zscore_cs(low)), true_divide(correlation(momentum_60d, historical_volatility_120, 24), sqrt(adv20))))",3.5502370639169842,11.468520219820498,-0.006877712569984986,0.190930139844187,0.0,9.660101267091878,0.03981796219832174,0.7385720195884976,0.0,3.650954318626689,7,False,True,True,True,False,True,False,True,True,True
165,"Abs(multiply(subtract(subtract(momentum_20d, returns), zscore_cs(adv20)), true_divide(beta_to_btc, sqrt(adv20))))",4.267129447532487,19.80524934439413,-0.0017860362123756008,0.13043565493632966,4.378732221859576,19.81968792931651,0.036319211130827346,1.3860951287654095,6.191752923208819,4.378732221859576,9,True,True,True,True,True,True,True,True,True,True
166,"Abs(multiply(subtract(subtract(momentum_20d, returns), zscore_cs(low)), true_divide(ts_min(beta_to_btc, 240), sqrt(adv20))))",3.927968661497265,18.031810809741952,-0.00711484756000005,0.11589601060734782,4.012236767029113,14.773781965076232,0.03546573929448586,0.8603179200833839,7.179779758388359,4.012236767029113,9,True,True,True,True,True,True,True,True,True,True
167,"Abs(multiply(subtract(momentum_20d, zscore_cs(low)), sma(correlation(volume_momentum_1, beta_to_btc, 6), 36)))",3.629626737414639,12.106838268034718,-0.007155836583614596,0.19474635900743123,3.7630503808549545,7.235823073344943,0.04283374115173945,0.5896123556484612,7.311236467323446,3.7630503808549545,9,True,True,True,True,True,True,True,True,True,True
168,"Abs(multiply(subtract(momentum_20d, zscore_cs(low)), true_divide(ts_skewness(parkinson_volatility_20, 240), ts_sum(dollars_traded, 240))))",3.692229311899389,17.32227661036093,-0.006354414046265961,0.09867052419414553,3.7066210983380454,24.141361131435414,0.046764527925581355,2.253675477688311,8.121283696929423,3.7066210983380454,8,False,True,True,True,True,True,True,False,True,True
169,"stddev(df_min(df_min(Abs(momentum_20d), rank(lower_shadow)), correlation(df_max(vwap, historical_volatility_20), Decay_lin(historical_volatility_10, 90), 60)), 6)",3.9003764042713107,10.404053592271385,-0.007458907978401472,0.25808022735377095,0.0,10.826012517700047,0.040166944395915956,1.1500103407794104,0.0,3.988929809565492,7,False,True,True,True,False,True,False,True,True,True
170,"stddev(df_min(df_min(Abs(momentum_20d), rank(lower_shadow)), correlation(df_max(volume_momentum_5_20, historical_volatility_20), historical_volatility_20, 60)), 6)",4.328165285341029,12.630879221547755,-0.008100373872907404,0.2648771585334282,4.368504466848534,8.622240549945204,0.034975593130230076,0.9128070993544171,6.787672378593867,4.368504466848534,9,True,True,True,True,True,True,True,True,True,True
171,"stddev(df_min(df_min(Abs(momentum_20d), rank(lower_shadow)), correlation(df_max(vwap, historical_volatility_20), stddev(parkinson_volatility_20, 180), 60)), 6)",3.4836464747988685,8.590506529459805,-0.006069195094126779,0.2455543705105536,3.5818733481437355,7.292976799532096,0.034792291608563994,0.8450016179257022,5.719974994251779,3.5818733481437355,9,True,True,True,True,True,True,True,True,True,True
172,"add(ts_rank(ts_rank(close, 240), 240), normalize(ts_zscore(adv60, 60)))",3.3405727212202163,10.73599026542602,-0.015492079291741087,0.13807298639922053,0.0,8.10009667523514,0.0557244074548306,-0.01971095330531838,0.0,3.45468884133124,6,False,True,True,True,False,True,False,True,False,True
173,"stddev(df_min(df_min(Abs(momentum_20d), rank(lower_shadow)), correlation(df_max(vwap, historical_volatility_20), historical_volatility_20, 36)), 6)",4.156610485820507,10.952499173337054,-0.009883000208112308,0.2810651320987998,0.6152718632510109,8.56654453647802,0.03753230158621602,0.8955096816724134,0.6152718632510109,4.339361007263024,8,False,True,True,True,True,True,False,True,True,True
174,"Abs(multiply(subtract(Decay_exp(momentum_20d, 6), zscore_cs(low)), true_divide(ts_skewness(close_position_in_range, 120), ts_sum(quote_volume, 240))))",3.8369151574311946,13.543972270888773,-0.0038617364744644813,0.1583206213873799,3.6673966284371184,11.879686525519386,0.05399514375081244,1.2079124503536167,7.892585232972136,3.6673966284371184,8,False,True,True,True,True,True,True,True,False,True
175,"Abs(multiply(subtract(Decay_exp(momentum_20d, 120), zscore_cs(low)), true_divide(ts_skewness(close_position_in_range, 30), ts_sum(dollars_traded, 240))))",3.8605237465887656,11.156111582678871,-0.001167574047979762,0.26109521372281036,3.860730620142996,12.252177961972674,0.04282280091113076,1.1392163972350202,7.273464608538625,3.860730620142996,9,True,True,True,True,True,True,True,True,True,True
176,"Abs(multiply(subtract(Decay_exp(momentum_20d, 240), zscore_cs(low)), true_divide(delta(parkinson_volatility_10, 30), ts_sum(dollars_traded, 240))))",3.741858748311476,17.58345507373806,-0.00919858683703714,0.11771617372689985,2.418134880073849,9.359154955287071,0.04045111922600879,0.6398403141735125,2.418134880073849,3.7993583587463027,9,True,True,True,True,True,True,True,True,True,True
177,"add(ts_rank(ts_rank(square(historical_volatility_120), 240), 240), ts_rank(square(close), 240))",3.1908660274884717,7.643244070024882,-0.015819198991673594,0.20833770710039015,0.0,6.257092616851108,0.04673479161768236,0.532817648001701,0.0,3.2812360496920725,7,False,True,True,True,False,True,False,True,True,True
178,"Abs(multiply(ts_sum(returns, 120), normalize(beta_to_btc)))",3.4766459573959096,13.003860354913703,-0.012996143847809167,0.17672261571920816,0.5241082411388456,9.230883580072792,0.04078750826332194,0.5895129234634614,0.5241082411388456,3.4973991712855184,8,False,True,True,True,True,True,False,True,True,True
179,"stddev(df_min(df_min(Abs(momentum_20d), rank(lower_shadow)), correlation(stddev(volume_momentum_5_20, 180), open, 60)), 6)",3.670710858557741,8.941983987650351,-0.006421117161171392,0.2654131199340468,3.5879090591547422,8.15740064023344,0.043338887160296366,0.9453753693977283,4.176689892619155,3.5879090591547422,9,True,True,True,True,True,True,True,True,True,True
180,"stddev(df_min(df_min(Abs(momentum_20d), rank(lower_shadow)), correlation(ts_sum(close, 3), open, 6)), 6)",4.3861613720718715,12.117693746301164,-0.014262030994680552,0.2858449003360805,-1.6785252887337712,4.357627754050859,0.04627695181782686,0.6534731223978324,-1.6785252887337712,4.628322887507278,7,False,True,True,True,False,True,False,True,True,True
181,"Abs(multiply(ts_skewness(momentum_5d, 30), true_divide(ts_sum(returns, 120), ts_sum(dollars_traded, 180))))",4.154664535414986,12.911125477741557,-0.0075063825922283165,0.24773841130103208,4.026289903604829,24.92187764429969,0.0433291762282802,2.009727973041703,4.026289903604829,4.098807607255452,8,False,True,True,True,True,True,True,False,True,True
182,"Abs(multiply(ts_sum(returns, 120), log(open)))",4.062889799804091,20.92924264637494,0.00032280816809569535,0.10727725218196119,-3.37932242297884,11.941960421336304,0.0398684571720034,1.1478574750332786,-3.37932242297884,4.1759824407515245,7,False,True,True,True,False,True,False,True,True,True
183,"stddev(df_min(df_min(Abs(momentum_20d), rank(lower_shadow)), correlation(df_max(historical_volatility_20, historical_volatility_20), rank(momentum_60d), 60)), 6)",3.6785734458327854,9.571875258446518,-0.008704663959782241,0.2523592852153782,0.0,9.87978043874956,0.04284733750989159,1.3908606538119035,0.0,3.78297738036642,7,False,True,True,True,False,True,False,True,True,True
184,"stddev(df_min(df_min(Abs(momentum_20d), rank(lower_shadow)), correlation(df_max(high, historical_volatility_20), Decay_lin(parkinson_volatility_20, 240), 60)), 6)",3.3335335991824024,8.334903378133093,-0.010671515338456793,0.22339084592942376,0.0,8.714952614452585,0.046950701359191625,1.2362197057312252,0.0,3.6322358060732984,7,False,True,True,True,False,True,False,True,True,True
185,"Abs(multiply(ts_sum(returns, 120), multiply(momentum_5d, delta(historical_volatility_10, 36))))",3.701452090072237,14.964087180931495,-0.015236232620025941,0.18030592911419288,3.8015826298289266,10.416228188785329,0.04614513261072439,0.7446743629085578,8.83232968475762,3.8015826298289266,9,True,True,True,True,True,True,True,True,True,True
186,"Abs(multiply(ts_sum(returns, 120), true_divide(true_divide(turnover, volume), ts_sum(dollars_traded, 180))))",4.327428228715641,23.081133657794418,-0.007429947073281093,0.09741269447960857,4.216508623935209,15.615390300434914,0.037404774168951285,1.3310841059825733,13.193945172427384,4.216508623935209,9,True,True,True,True,True,True,True,True,True,True
187,"Abs(multiply(ts_sum(returns, 120), true_divide(ts_skewness(beta_to_btc, 180), ts_sum(dollars_traded, 180))))",3.7612497599948878,14.653897956661723,-0.004582140211120449,0.12136299437898308,3.746651651810505,8.884635439336162,0.05636638991634381,0.8362768777798569,6.459344602945043,3.746651651810505,8,False,True,True,True,True,True,True,True,False,True
188,"stddev(df_min(df_min(Abs(momentum_20d), rank(lower_shadow)), correlation(df_max(historical_volatility_10, historical_volatility_120), log(open), 60)), 6)",3.56437062152662,9.248874274929577,-0.005881780760446948,0.24595805072936652,0.0,10.923844499328865,0.03643432676094865,0.7640956447488061,0.0,3.6654936522958246,7,False,True,True,True,False,True,False,True,True,True
189,"Abs(multiply(ts_sum(returns, 120), true_divide(true_divide(adv60, historical_volatility_10), ts_sum(dollars_traded, 180))))",4.106501032140659,11.168641642287714,0.0019074702341472264,0.20440422818477427,0.0,10.309824668710117,0.052762722576946634,0.6224708477643753,0.0,4.116358925397507,6,False,True,True,True,False,True,False,True,False,True
190,"stddev(df_min(df_min(Abs(momentum_20d), rank(lower_shadow)), correlation(df_max(high, historical_volatility_20), ts_sum(parkinson_volatility_60, 60), 60)), 6)",4.1754267925363076,11.750497375438046,-0.007002612642354785,0.22340166181855553,0.0,8.46980963594255,0.03703120080774456,1.051006323108167,0.0,4.294151330368146,7,False,True,True,True,False,True,False,True,True,True
191,"Abs(multiply(ts_sum(returns, 120), ts_rank(correlation(historical_volatility_10, dollars_traded, 24), 36)))",3.9051889693791804,12.350770018070975,-0.009245042245385669,0.25865806850014306,1.6390143162688044,10.393554938436324,0.04024672021000437,0.6108057200774263,1.6390143162688044,3.943695536902894,9,True,True,True,True,True,True,True,True,True,True
192,"Abs(multiply(ts_sum(returns, 120), ts_rank(beta_to_btc, 30)))",4.491423179607592,15.133374598308096,-0.006272133275934849,0.2676855263178957,-0.25408956803767385,9.571280748179348,0.04045107564576965,0.758774540738912,-0.25408956803767385,4.54598738403088,7,False,True,True,True,False,True,False,True,True,True
193,"stddev(ts_sum(momentum_20d, 240), 6)",3.3333929685232673,19.618384841595173,-0.015613082779821963,0.06698272642352854,3.40918471970121,8.342187453223715,0.04406522622987479,0.7274084434458155,3.8089430272351867,3.40918471970121,9,True,True,True,True,True,True,True,True,True,True
194,"Abs(multiply(ts_sum(returns, 120), true_divide(ts_kurtosis(close, 48), ts_sum(dollars_traded, 180))))",4.313009873726167,14.449798190926938,-0.004262400045935715,0.23022110493413656,4.1264889926401045,24.541086073339265,0.0488518745124264,1.6156578351493693,6.254727623274916,4.1264889926401045,8,False,True,True,True,True,True,True,False,True,True
195,"stddev(df_min(df_min(Abs(momentum_20d), rank(lower_shadow)), correlation(ts_min(historical_volatility_10, 30), log(open), 60)), 6)",3.370939399196171,7.655415078380462,-0.0056261353165953775,0.29021977666680726,-4.633276185052154,6.320861116981498,0.04251322839011382,1.0054966853325147,-4.633276185052154,3.478951848750273,7,False,True,True,True,False,True,False,True,True,True
196,"stddev(df_min(df_min(Abs(momentum_20d), rank(lower_shadow)), correlation(df_max(high, historical_volatility_20), sma(parkinson_volatility_60, 24), 60)), 6)",4.369679576699895,12.643377897068106,-0.008208680312264963,0.22873902759189835,0.0,9.354213001218678,0.03900803016797198,1.1878381512863012,0.0,4.494025060558344,7,False,True,True,True,False,True,False,True,True,True
197,"Abs(multiply(ts_sum(returns, 120), correlation(open_close_range, sma(parkinson_volatility_10, 48), 60)))",4.4074963096025845,15.094256347234316,-0.009174110849388364,0.26572147863323997,4.357878542854167,13.03576647833038,0.03926857496449874,0.8356987295348521,4.884427345290045,4.357878542854167,9,True,True,True,True,True,True,True,True,True,True
198,"Abs(multiply(ts_sum(returns, 120), true_divide(square(volume_momentum_5_20), ts_sum(dollars_traded, 180))))",3.688174742281591,17.669923859083863,-0.007670555623679373,0.10138358774875778,1.1858770872352076,11.05027660228891,0.053964173032294165,0.8896709106285436,1.1858770872352076,3.6905198453805674,8,False,True,True,True,True,True,True,True,False,True
199,"Abs(multiply(ts_sum(returns, 120), correlation(close_position_in_range, beta_to_btc, 180)))",4.216935586496778,14.762246878144445,-0.0055445000898999884,0.21192730465134804,4.165549079849732,7.973703033383425,0.030647700345432242,0.515657640169881,4.274542616295972,4.165549079849732,9,True,True,True,True,True,True,True,True,True,True
200,"Abs(multiply(ts_sum(returns, 120), correlation(low, close_position_in_range, 180)))",4.887336425665932,17.326580804181635,-0.00974971261209886,0.23083717000085185,3.7434017595818947,7.330240898926282,0.03919836185100186,0.757914461628961,3.7434017595818947,4.794570642625359,9,True,True,True,True,True,True,True,True,True,True
201,"ts_zscore(rank(ts_rank(df_max(historical_volatility_120, close), 240)), 240)",3.4565406777291767,7.476902418771474,-0.013392491481008826,0.23824764435435586,3.6185340443379173,3.9805811628189973,0.05270592261630049,0.1216108829265165,4.200106143603619,3.6185340443379173,8,False,True,True,True,True,True,True,True,False,True
202,"Abs(multiply(ts_sum(returns, 120), true_divide(correlation(lower_shadow, vwap_deviation, 18), ts_sum(dollars_traded, 180))))",4.135962793311814,11.91373230171286,-0.0022264578327388924,0.24244105722953174,3.976225520469546,14.572152490574577,0.0493971274726464,1.649287399936154,6.475130529211005,3.976225520469546,9,True,True,True,True,True,True,True,True,True,True
203,"Abs(multiply(ts_sum(returns, 120), true_divide(correlation(beta_to_btc, volume, 120), ts_sum(dollars_traded, 180))))",3.9836493764701593,16.881092204044446,-0.0034588709681706692,0.12894116111197837,3.7979455855277773,25.518009916849223,0.03958425177383732,2.321246663283664,12.999921029683406,3.7979455855277773,8,False,True,True,True,True,True,True,False,True,True
204,"Abs(multiply(ts_sum(returns, 120), sqrt(correlation(close, upper_shadow, 90))))",4.2616076348512335,15.516575402161134,-0.013048153386867782,0.24093737450907643,-0.05331361075502719,8.008259513263937,0.034147283460457,0.6839370650342333,-0.05331361075502719,4.431882382087085,7,False,True,True,True,False,True,False,True,True,True
205,"stddev(df_min(df_min(Abs(momentum_20d), df_max(close, volume_momentum_1)), correlation(df_max(high, historical_volatility_20), log(open), 60)), 6)",2.732315174714918,7.123709593907257,-0.016656952579906216,0.24002154788439925,-6.970116079992733,13.611354273192767,0.05308500158580222,1.2109632668128356,-6.970116079992733,2.8716907382857757,5,False,False,True,True,False,True,False,True,False,True
206,"Abs(multiply(ts_sum(returns, 120), ts_zscore(historical_volatility_60, 36)))",3.7461832532258246,12.028052155967936,-0.011834458309376286,0.22527933148188362,0.0,8.301809020843585,0.03811101347823659,0.46745902552663754,0.0,3.8525313495026765,7,False,True,True,True,False,True,False,True,True,True
207,"add(ts_rank(df_max(volume_momentum_5_20, high), 240), ts_sum(open_close_range, 3))",3.6731012492452484,11.647289669069673,-0.011132437084347349,0.13583347578456031,2.869290475674945,8.635423952112227,0.04462705122913747,0.10757669193026288,2.869290475674945,3.719559547510203,9,True,True,True,True,True,True,True,True,True,True
208,"stddev(df_min(df_min(Abs(momentum_20d), rank(lower_shadow)), rank(ts_kurtosis(historical_volatility_60, 240))), 6)",3.7435924524517685,10.287507610422944,-0.010345801112915056,0.2430802543442569,0.0,6.696461485919593,0.04448893416665712,1.0234612856990783,0.0,3.849866023348583,7,False,True,True,True,False,True,False,True,True,True
209,"add(ts_rank(ts_rank(ts_max(open_close_range, 90), 240), 240), ts_rank(square(close), 240))",3.358085183146249,10.796137248314054,-0.009930114534858418,0.127772405438775,3.3310900500141862,6.1892180676990565,0.047292895761613586,0.4749437363934108,3.8939174297843016,3.3310900500141862,9,True,True,True,True,True,True,True,True,True,True
